Timestamp,Date,Circulating
1652313600,2022-05-12,49612154017
1652400000,2022-05-13,49612154017
1652486400,2022-05-14,50701030727
1652572800,2022-05-15,51017643286
1652659200,2022-05-16,51059408841
1652745600,2022-05-17,51968385294
1652832000,2022-05-18,52170727937
1652918400,2022-05-19,52276782814
1653004800,2022-05-20,52631378514
1653091200,2022-05-21,52864898798
1653177600,2022-05-22,52974068976
1653264000,2022-05-23,53005710200
1653350400,2022-05-24,53238855644
1653436800,2022-05-25,53327764797
1653523200,2022-05-26,53351920392
1653609600,2022-05-27,53127057714
1653696000,2022-05-28,53488987354
1653782400,2022-05-29,53623338837
1653868800,2022-05-30,53629692391
1653955200,2022-05-31,53674058323
1654041600,2022-06-01,53899663365
1654128000,2022-06-02,53856619412
1654214400,2022-06-03,54053120918
1654300800,2022-06-04,54029440785
1654387200,2022-06-05,54000408026
1654473600,2022-06-06,53992083821
1654560000,2022-06-07,53680073423
1654646400,2022-06-08,53747040008
1654732800,2022-06-09,53707997293
1654819200,2022-06-10,53730190657
1654905600,2022-06-11,53085858434
1654992000,2022-06-12,53019245185
1655078400,2022-06-13,53167701899
1655164800,2022-06-14,53281212018
1655251200,2022-06-15,53264738451
1655337600,2022-06-16,53429121291
1655424000,2022-06-17,53781313035
1655510400,2022-06-18,54324215189
1655596800,2022-06-19,54606930445
1655683200,2022-06-20,55114942500
1655769600,2022-06-21,54905983322
1655856000,2022-06-22,55044914705
1655942400,2022-06-23,55039168383
1656028800,2022-06-24,54821157323
1656115200,2022-06-25,54900385225
1656201600,2022-06-26,55059382392
1656288000,2022-06-27,55108080694
1656374400,2022-06-28,54657710197
1656460800,2022-06-29,54774139822
1656547200,2022-06-30,54815382309
1656633600,2022-07-01,54894989548
1656720000,2022-07-02,54884688774
1656806400,2022-07-03,54941021993
1656892800,2022-07-04,54949969021
1656979200,2022-07-05,55093661720
1657065600,2022-07-06,55024913985
1657152000,2022-07-07,54771171047
1657238400,2022-07-08,54601191691
1657324800,2022-07-09,54653980496
1657411200,2022-07-10,54583650070
1657497600,2022-07-11,54630475745
1657584000,2022-07-12,54658715037
1657670400,2022-07-13,54546089188
1657756800,2022-07-14,54544246564
1657843200,2022-07-15,54492605007
1657929600,2022-07-16,54040515507
1658016000,2022-07-17,54030510353
1658102400,2022-07-18,54005704518
1658188800,2022-07-19,54026855454
1658275200,2022-07-20,53937142697
1658361600,2022-07-21,54118721027
1658448000,2022-07-22,54191318771
1658534400,2022-07-23,54220470551
1658620800,2022-07-24,54338750456
1658707200,2022-07-25,54328321143
1658793600,2022-07-26,54265011023
1658880000,2022-07-27,54319942279
1658966400,2022-07-28,54302178137
1659052800,2022-07-29,53852654579
1659139200,2022-07-30,53808003731
1659225600,2022-07-31,53641843066
1659312000,2022-08-01,53684981927
1659398400,2022-08-02,53755365924
1659484800,2022-08-03,53589321894
1659571200,2022-08-04,53616326499
1659657600,2022-08-05,53429726003
1659744000,2022-08-06,53571125947
1659830400,2022-08-07,53553062111
1659916800,2022-08-08,53539297699
1660003200,2022-08-09,53382512586
1660089600,2022-08-10,53293371782
1660176000,2022-08-11,53152622753
1660262400,2022-08-12,53015009560
1660348800,2022-08-13,53040740956
1660435200,2022-08-14,53034265996
1660521600,2022-08-15,52820015580
1660608000,2022-08-16,52752108154
1660694400,2022-08-17,52702030585
1660780800,2022-08-18,52446341819
1660867200,2022-08-19,52057249514
1660953600,2022-08-20,51679878050
1661040000,2022-08-21,51643143834
1661126400,2022-08-22,51776747102
1661212800,2022-08-23,51471359096
1661299200,2022-08-24,51572853902
1661385600,2022-08-25,51465642276
1661472000,2022-08-26,51331722862
1661558400,2022-08-27,51440633438
1661644800,2022-08-28,51487131239
1661731200,2022-08-29,51439392430
1661817600,2022-08-30,51523307245
1661904000,2022-08-31,51631310258
1661990400,2022-09-01,51543131215
1662076800,2022-09-02,51300958460
1662163200,2022-09-03,51148061665
1662249600,2022-09-04,51168823191
1662336000,2022-09-05,51197793058
1662422400,2022-09-06,51176657248
1662508800,2022-09-07,50902217374
1662595200,2022-09-08,51037965513
1662681600,2022-09-09,50992308503
1662768000,2022-09-10,51045195938
1662854400,2022-09-11,51014291360
1662940800,2022-09-12,50930661930
1663027200,2022-09-13,50803210479
1663113600,2022-09-14,50674973621
1663200000,2022-09-15,50078245303
1663286400,2022-09-16,49663265099
1663372800,2022-09-17,49520691542
1663459200,2022-09-18,49509516969
1663545600,2022-09-19,49493353266
1663632000,2022-09-20,49335111555
1663718400,2022-09-21,49500342255
1663804800,2022-09-22,49303204020
1663891200,2022-09-23,49225409744
1663977600,2022-09-24,49067831290
1664064000,2022-09-25,49044276452
1664150400,2022-09-26,48801384427
1664236800,2022-09-27,48619236063
1664323200,2022-09-28,48512925685
1664409600,2022-09-29,48199993568
1664496000,2022-09-30,47893429206
1664582400,2022-10-01,46613633089
1664668800,2022-10-02,46607760541
1664755200,2022-10-03,46672457940
1664841600,2022-10-04,46503646360
1664928000,2022-10-05,46000809897
1665014400,2022-10-06,45730714018
1665100800,2022-10-07,45533341489
1665187200,2022-10-08,45425708800
1665273600,2022-10-09,45383178757
1665360000,2022-10-10,45381774915
1665446400,2022-10-11,45310503927
1665532800,2022-10-12,45249125571
1665619200,2022-10-13,45085018089
1665705600,2022-10-14,44704398264
1665792000,2022-10-15,44343570686
1665878400,2022-10-16,44331988356
1665964800,2022-10-17,44328995036
1666051200,2022-10-18,44103115243
1666137600,2022-10-19,43879773087
1666224000,2022-10-20,43678096481
1666310400,2022-10-21,43246753967
1666396800,2022-10-22,43186321275
1666483200,2022-10-23,43249440984
1666569600,2022-10-24,43259817603
1666656000,2022-10-25,43118199081
1666742400,2022-10-26,43131890589
1666828800,2022-10-27,43172767252
1666915200,2022-10-28,43189181765
1667001600,2022-10-29,43071671149
1667088000,2022-10-30,43022869613
1667174400,2022-10-31,43011883236
1667260800,2022-11-01,42743677646
1667347200,2022-11-02,42325100295
1667433600,2022-11-03,41838621209
1667520000,2022-11-04,41390137783
1667606400,2022-11-05,41411693416
1667692800,2022-11-06,41332000057
1667779200,2022-11-07,41693583922
1667865600,2022-11-08,42484263710
1667952000,2022-11-09,42124207373
1668038400,2022-11-10,42216926135
1668124800,2022-11-11,42833012297
1668211200,2022-11-12,43338428493
1668297600,2022-11-13,43480812561
1668384000,2022-11-14,43444936300
1668470400,2022-11-15,43487154615
1668556800,2022-11-16,43798742649
1668643200,2022-11-17,43756647939
1668729600,2022-11-18,43505880436
1668816000,2022-11-19,43790143571
1668902400,2022-11-20,43842000175
1668988800,2022-11-21,43912730867
1669075200,2022-11-22,43517659556
1669161600,2022-11-23,43532790468
1669248000,2022-11-24,43234421761
1669334400,2022-11-25,43428297616
1669420800,2022-11-26,43382782311
1669507200,2022-11-27,43566328170
1669593600,2022-11-28,43706538931
1669680000,2022-11-29,43179999485
1669766400,2022-11-30,42806103124
1669852800,2022-12-01,42737386982
1669939200,2022-12-02,42590829364
1670025600,2022-12-03,42732170086
1670112000,2022-12-04,42843981796
1670198400,2022-12-05,42972969253
1670284800,2022-12-06,42681298545
1670371200,2022-12-07,42541851471
1670457600,2022-12-08,42329861382
1670544000,2022-12-09,42291126562
1670630400,2022-12-10,42245269282
1670716800,2022-12-11,42288312718
1670803200,2022-12-12,42299571876
1670889600,2022-12-13,42072375399
1670976000,2022-12-14,44624774716
1671062400,2022-12-15,44686777732
1671148800,2022-12-16,44574862161
1671235200,2022-12-17,44343980023
1671321600,2022-12-18,44389220048
1671408000,2022-12-19,44421530626
1671494400,2022-12-20,44051136173
1671580800,2022-12-21,43987995766
1671667200,2022-12-22,43802499172
1671753600,2022-12-23,43736964142
1671840000,2022-12-24,43685561283
1671926400,2022-12-25,43822299452
1672012800,2022-12-26,43930174473
1672099200,2022-12-27,44027490603
1672185600,2022-12-28,43731629098
1672272000,2022-12-29,43972005625
1672358400,2022-12-30,44026668511
1672444800,2022-12-31,44097781768
1672531200,2023-01-01,44125968585
1672617600,2023-01-02,44185289711
1672704000,2023-01-03,44290032671
1672790400,2023-01-04,43753815600
1672876800,2023-01-05,43705390311
1672963200,2023-01-06,43297807367
1673049600,2023-01-07,43266532475
1673136000,2023-01-08,43385227454
1673222400,2023-01-09,43526400098
1673308800,2023-01-10,43176819964
1673395200,2023-01-11,43246757302
1673481600,2023-01-12,43373881444
1673568000,2023-01-13,43495053882
1673654400,2023-01-14,43017348944
1673740800,2023-01-15,43254421716
1673827200,2023-01-16,43469665173
1673913600,2023-01-17,43409666741
1674000000,2023-01-18,43135148341
1674086400,2023-01-19,42666569880
1674172800,2023-01-20,42556162583
1674259200,2023-01-21,42747756090
1674345600,2023-01-22,42926642106
1674432000,2023-01-23,43065622195
1674518400,2023-01-24,43058971891
1674604800,2023-01-25,43223657160
1674691200,2023-01-26,43127791386
1674777600,2023-01-27,42880880302
1674864000,2023-01-28,42648467578
1674950400,2023-01-29,42684054660
1675036800,2023-01-30,42563979765
1675123200,2023-01-31,42152860533
1675209600,2023-02-01,41869002486
1675296000,2023-02-02,41860600318
1675382400,2023-02-03,41913503265
1675468800,2023-02-04,41460375641
1675555200,2023-02-05,41434086830
1675641600,2023-02-06,41492600754
1675728000,2023-02-07,41339387237
1675814400,2023-02-08,41166237126
1675900800,2023-02-09,41003994808
1675987200,2023-02-10,40979436146
1676073600,2023-02-11,40850195685
1676160000,2023-02-12,40779109788
1676246400,2023-02-13,40706542430
1676332800,2023-02-14,40441224280
1676419200,2023-02-15,40522916474
1676505600,2023-02-16,40973065013
1676592000,2023-02-17,41153095236
1676678400,2023-02-18,41396871881
1676764800,2023-02-19,41358662287
1676851200,2023-02-20,41406454980
1676937600,2023-02-21,41472142501
1677024000,2023-02-22,41625656319
1677110400,2023-02-23,41653499824
1677196800,2023-02-24,41789370305
1677283200,2023-02-25,42040257654
1677369600,2023-02-26,42113740101
1677456000,2023-02-27,42158891115
1677542400,2023-02-28,42127223899
1677628800,2023-03-01,41994903360
1677715200,2023-03-02,42082956190
1677801600,2023-03-03,42690783041
1677888000,2023-03-04,42987557692
1677974400,2023-03-05,43220978166
1678060800,2023-03-06,43485902489
1678147200,2023-03-07,43285485499
1678233600,2023-03-08,43224522086
1678320000,2023-03-09,43194077113
1678406400,2023-03-10,43172918255
1678492800,2023-03-11,42197236368
1678579200,2023-03-12,40658451887
1678665600,2023-03-13,40466173198
1678752000,2023-03-14,39079863067
1678838400,2023-03-15,38104583751
1678924800,2023-03-16,37199207279
1679011200,2023-03-17,36622663066
1679097600,2023-03-18,35898362449
1679184000,2023-03-19,35893642208
1679270400,2023-03-20,35862181498
1679356800,2023-03-21,35125101829
1679443200,2023-03-22,35015730181
1679529600,2023-03-23,34559067268
1679616000,2023-03-24,34223982006
1679702400,2023-03-25,33697188537
1679788800,2023-03-26,33685091875
1679875200,2023-03-27,33651341661
1679961600,2023-03-28,33227260904
1680048000,2023-03-29,32931569912
1680134400,2023-03-30,32889731576
1680220800,2023-03-31,32593774371
1680307200,2023-04-01,32260880605
1680393600,2023-04-02,32214370500
1680480000,2023-04-03,32239917443
1680566400,2023-04-04,32405543958
1680652800,2023-04-05,32364252736
1680739200,2023-04-06,32290455966
1680825600,2023-04-07,32456117078
1680912000,2023-04-08,32366219024
1680998400,2023-04-09,32371846912
1681084800,2023-04-10,32346112925
1681171200,2023-04-11,32241947046
1681257600,2023-04-12,32187598345
1681344000,2023-04-13,31913518993
1681430400,2023-04-14,31775997668
1681516800,2023-04-15,31687463699
1681603200,2023-04-16,31677106791
1681689600,2023-04-17,31669708834
1681776000,2023-04-18,31512491031
1681862400,2023-04-19,31256538283
1681948800,2023-04-20,31021411215
1682035200,2023-04-21,30840912080
1682121600,2023-04-22,30621718973
1682208000,2023-04-23,30624179261
1682294400,2023-04-24,30662203850
1682380800,2023-04-25,30574780527
1682467200,2023-04-26,30582071775
1682553600,2023-04-27,30619683825
1682640000,2023-04-28,30343410222
1682726400,2023-04-29,30368828955
1682812800,2023-04-30,30380878376
1682899200,2023-05-01,30375240141
1682985600,2023-05-02,30248229927
1683072000,2023-05-03,30089546532
1683158400,2023-05-04,30051911489
1683244800,2023-05-05,29974037491
1683331200,2023-05-06,30246182238
1683417600,2023-05-07,30247969921
1683504000,2023-05-08,30243610437
1683590400,2023-05-09,30068121919
1683676800,2023-05-10,29966843198
1683763200,2023-05-11,29951175931
1683849600,2023-05-12,29774943426
1683936000,2023-05-13,29822531979
1684022400,2023-05-14,29829027726
1684108800,2023-05-15,29788874333
1684195200,2023-05-16,29646253580
1684281600,2023-05-17,29545033800
1684368000,2023-05-18,29386799742
1684454400,2023-05-19,29508707850
1684540800,2023-05-20,29421060572
1684627200,2023-05-21,29420514430
1684713600,2023-05-22,29410678445
1684800000,2023-05-23,29295140269
1684886400,2023-05-24,29156775436
1684972800,2023-05-25,28939141376
1685059200,2023-05-26,28870147538
1685145600,2023-05-27,28892661047
1685232000,2023-05-28,28870019267
1685318400,2023-05-29,28848303201
1685404800,2023-05-30,28892883718
1685491200,2023-05-31,28820361410
1685577600,2023-06-01,28662399577
1685664000,2023-06-02,28738084162
1685750400,2023-06-03,28774176634
1685836800,2023-06-04,28764299728
1685923200,2023-06-05,28767866941
1686009600,2023-06-06,28688357537
1686096000,2023-06-07,28534832587
1686182400,2023-06-08,28386084378
1686268800,2023-06-09,28285453497
1686355200,2023-06-10,28117715211
1686441600,2023-06-11,28178746856
1686528000,2023-06-12,28200232746
1686614400,2023-06-13,28115613354
1686700800,2023-06-14,27984162188
1686787200,2023-06-15,27885588140
1686873600,2023-06-16,28001319051
1686960000,2023-06-17,28142242984
1687046400,2023-06-18,28137918559
1687132800,2023-06-19,28127656693
1687219200,2023-06-20,28246418804
1687305600,2023-06-21,28344103453
1687392000,2023-06-22,28230123546
1687478400,2023-06-23,28204077193
1687564800,2023-06-24,28209038148
1687651200,2023-06-25,28220305194
1687737600,2023-06-26,28221163599
1687824000,2023-06-27,28124484251
1687910400,2023-06-28,27976534569
1687996800,2023-06-29,27863492579
1688083200,2023-06-30,27721730101
1688169600,2023-07-01,27130034761
1688256000,2023-07-02,27149578111
1688342400,2023-07-03,27154214177
1688428800,2023-07-04,27435091719
1688515200,2023-07-05,27465798734
1688601600,2023-07-06,27412818979
1688688000,2023-07-07,27269551653
1688774400,2023-07-08,27210605577
1688860800,2023-07-09,27208863406
1688947200,2023-07-10,27213502050
1689033600,2023-07-11,27106325379
1689120000,2023-07-12,27057879885
1689206400,2023-07-13,26985980066
1689292800,2023-07-14,27152862363
1689379200,2023-07-15,27013402735
1689465600,2023-07-16,27022265856
1689552000,2023-07-17,27043011635
1689638400,2023-07-18,26813305373
1689724800,2023-07-19,26743815468
1689811200,2023-07-20,26631613076
1689897600,2023-07-21,26582269442
1689984000,2023-07-22,26534110283
1690070400,2023-07-23,26526966078
1690156800,2023-07-24,26519666420
1690243200,2023-07-25,26397964514
1690329600,2023-07-26,26322031152
1690416000,2023-07-27,26233307651
1690502400,2023-07-28,26251972718
1690588800,2023-07-29,26224182965
1690675200,2023-07-30,26262929513
1690761600,2023-07-31,26261362184
1690848000,2023-08-01,26195419437
1690934400,2023-08-02,25989002608
1691020800,2023-08-03,25864742743
1691107200,2023-08-04,25765219604
1691193600,2023-08-05,25690465627
1691280000,2023-08-06,25688180549
1691366400,2023-08-07,25686797962
1691452800,2023-08-08,25811578349
1691539200,2023-08-09,25956408432
1691625600,2023-08-10,25945179047
1691712000,2023-08-11,25815464793
1691798400,2023-08-12,25782353614
1691884800,2023-08-13,25823761084
1691971200,2023-08-14,25853211027
1692057600,2023-08-15,25662906713
1692144000,2023-08-16,25703967099
1692230400,2023-08-17,25742157860
1692316800,2023-08-18,25790323246
1692403200,2023-08-19,25457553059
1692489600,2023-08-20,25644378206
1692576000,2023-08-21,25649020294
1692662400,2023-08-22,25646447436
1692748800,2023-08-23,25592161638
1692835200,2023-08-24,25680714466
1692921600,2023-08-25,25569315470
1693008000,2023-08-26,25635926639
1693094400,2023-08-27,25688679095
1693180800,2023-08-28,25746763035
1693267200,2023-08-29,25733184247
1693353600,2023-08-30,25869198763
1693440000,2023-08-31,25827476369
1693526400,2023-09-01,25914941129
1693612800,2023-09-02,25857627494
1693699200,2023-09-03,25870674650
1693785600,2023-09-04,25916593490
1693872000,2023-09-05,25760615012
1693958400,2023-09-06,25596726930
1694044800,2023-09-07,25579952963
1694131200,2023-09-08,25419930514
1694217600,2023-09-09,25550154542
1694304000,2023-09-10,25580353052
1694390400,2023-09-11,25640222574
1694476800,2023-09-12,25571258534
1694563200,2023-09-13,25675045078
1694649600,2023-09-14,25714552947
1694736000,2023-09-15,25670470759
1694822400,2023-09-16,25612143586
1694908800,2023-09-17,25666974550
1694995200,2023-09-18,25671163384
1695081600,2023-09-19,25634462261
1695168000,2023-09-20,25560926090
1695254400,2023-09-21,25479830925
1695340800,2023-09-22,25298919375
1695427200,2023-09-23,25252642283
1695513600,2023-09-24,25266630376
1695600000,2023-09-25,25272353932
1695686400,2023-09-26,25091997277
1695772800,2023-09-27,25071733287
1695859200,2023-09-28,24940524456
1695945600,2023-09-29,25104355643
1696032000,2023-09-30,24719546597
1696118400,2023-10-01,24776652514
1696204800,2023-10-02,24801192132
1696291200,2023-10-03,24938605248
1696377600,2023-10-04,24796660214
1696464000,2023-10-05,24718523755
1696550400,2023-10-06,24713919409
1696636800,2023-10-07,24987213636
1696723200,2023-10-08,25015532574
1696809600,2023-10-09,25030759136
1696896000,2023-10-10,24999133172
1696982400,2023-10-11,24879384407
1697068800,2023-10-12,24713509051
1697155200,2023-10-13,24604428205
1697241600,2023-10-14,24570148282
1697328000,2023-10-15,24602589237
1697414400,2023-10-16,24669094048
1697500800,2023-10-17,24740884767
1697587200,2023-10-18,24768367449
1697673600,2023-10-19,24761705566
1697760000,2023-10-20,24867638702
1697846400,2023-10-21,24916454495
1697932800,2023-10-22,24939168495
1698019200,2023-10-23,24928945519
1698105600,2023-10-24,24838422096
1698192000,2023-10-25,24437827441
1698278400,2023-10-26,24555653838
1698364800,2023-10-27,24524779069
1698451200,2023-10-28,24380740868
1698537600,2023-10-29,24413937130
1698624000,2023-10-30,24458926813
1698710400,2023-10-31,24344687410
1698796800,2023-11-01,24176878457
1698883200,2023-11-02,24161194975
1698969600,2023-11-03,23867421195
1699056000,2023-11-04,23899424369
1699142400,2023-11-05,23982608184
1699228800,2023-11-06,24003236382
1699315200,2023-11-07,23817430639
1699401600,2023-11-08,23752297151
1699488000,2023-11-09,23612960969
1699574400,2023-11-10,23493487579
1699660800,2023-11-11,23509889832
1699747200,2023-11-12,23572415274
1699833600,2023-11-13,23626969825
1699920000,2023-11-14,23388645444
1700006400,2023-11-15,23179409544
1700092800,2023-11-16,23435557700
1700179200,2023-11-17,23500047106
1700265600,2023-11-18,23750469489
1700352000,2023-11-19,23763294479
1700438400,2023-11-20,23806061264
1700524800,2023-11-21,23846697101
1700611200,2023-11-22,23693657476
1700697600,2023-11-23,23733510061
1700784000,2023-11-24,23747045684
1700870400,2023-11-25,23971564544
1700956800,2023-11-26,23968594652
1701043200,2023-11-27,23912966821
1701129600,2023-11-28,23673439285
1701216000,2023-11-29,23848976460
1701302400,2023-11-30,23754810577
1701388800,2023-12-01,23800499234
1701475200,2023-12-02,23808295303
1701561600,2023-12-03,23791898431
1701648000,2023-12-04,23767412089
1701734400,2023-12-05,23635483224
1701820800,2023-12-06,23547197966
1701907200,2023-12-07,23534279344
1701993600,2023-12-08,23593429197
1702080000,2023-12-09,23756614279
1702166400,2023-12-10,23793922321
1702252800,2023-12-11,23798750050
1702339200,2023-12-12,23398774806
1702425600,2023-12-13,23290748360
1702512000,2023-12-14,23534947291
1702598400,2023-12-15,23642998585
1702684800,2023-12-16,23750276550
1702771200,2023-12-17,23759699577
1702857600,2023-12-18,23712088642
1702944000,2023-12-19,23862793698
1703030400,2023-12-20,24098560550
1703116800,2023-12-21,24224662203
1703203200,2023-12-22,24131986087
1703289600,2023-12-23,24403145530
1703376000,2023-12-24,24419935295
1703462400,2023-12-25,24445458227
1703548800,2023-12-26,24394337819
1703635200,2023-12-27,24057087766
1703721600,2023-12-28,24216822667
1703808000,2023-12-29,24166481077
1703894400,2023-12-30,24105950186
1703980800,2023-12-31,24019410268
1704067200,2024-01-01,23857371087
1704153600,2024-01-02,23944253574
1704240000,2024-01-03,24108629788
1704326400,2024-01-04,24260637906
1704412800,2024-01-05,24346457807
1704499200,2024-01-06,24583096754
1704585600,2024-01-07,24606524864
1704672000,2024-01-08,24605825264
1704758400,2024-01-09,24544353950
1704844800,2024-01-10,24388353437
1704931200,2024-01-11,24390710519
1705017600,2024-01-12,24399503117
1705104000,2024-01-13,24476066811
1705190400,2024-01-14,24565243660
1705276800,2024-01-15,24564417500
1705363200,2024-01-16,24550485989
1705449600,2024-01-17,24527488233
1705536000,2024-01-18,24765863425
1705622400,2024-01-19,24721630114
1705708800,2024-01-20,24650500082
1705795200,2024-01-21,24791373831
1705881600,2024-01-22,24813575989
1705968000,2024-01-23,24667258883
1706054400,2024-01-24,24703358594
1706140800,2024-01-25,24813417122
1706227200,2024-01-26,24973294235
1706313600,2024-01-27,25042730373
1706400000,2024-01-28,25099238150
1706486400,2024-01-29,25121633759
1706572800,2024-01-30,25364953971
1706659200,2024-01-31,25600726613
1706745600,2024-02-01,25832202348
1706832000,2024-02-02,25770735052
1706918400,2024-02-03,25887786260
1707004800,2024-02-04,25939511537
1707091200,2024-02-05,25984285385
1707177600,2024-02-06,25957229068
1707264000,2024-02-07,26208443031
1707350400,2024-02-08,26405260215
1707436800,2024-02-09,26606551546
1707523200,2024-02-10,26796560039
1707609600,2024-02-11,26816731288
1707696000,2024-02-12,26793307230
1707782400,2024-02-13,26646890785
1707868800,2024-02-14,26705021180
1707955200,2024-02-15,26874620452
1708041600,2024-02-16,26952432026
1708128000,2024-02-17,26950267880
1708214400,2024-02-18,26955266411
1708300800,2024-02-19,26912930944
1708387200,2024-02-20,26874271612
1708473600,2024-02-21,26838888958
1708560000,2024-02-22,26895266362
1708646400,2024-02-23,26843024662
1708732800,2024-02-24,26930919190
1708819200,2024-02-25,26980554778
1708905600,2024-02-26,27006204688
1708992000,2024-02-27,27238497184
1709078400,2024-02-28,27185706537
1709164800,2024-02-29,27337439575
1709251200,2024-03-01,27474520590
1709337600,2024-03-02,27663706664
1709424000,2024-03-03,27651985043
1709510400,2024-03-04,27594232149
1709596800,2024-03-05,27529106636
1709683200,2024-03-06,27455086476
1709769600,2024-03-07,27730995892
1709856000,2024-03-08,27875765248
1709942400,2024-03-09,28431301868
1710028800,2024-03-10,28472489304
1710115200,2024-03-11,28595694674
1710201600,2024-03-12,28963374300
1710288000,2024-03-13,28925543344
1710374400,2024-03-14,29218769007
1710460800,2024-03-15,29018677533
1710547200,2024-03-16,29358748193
1710633600,2024-03-17,29416964471
1710720000,2024-03-18,29343084910
1710806400,2024-03-19,29661620761
1710892800,2024-03-20,29681340390
1710979200,2024-03-21,29923663205
1711065600,2024-03-22,30323330672
1711152000,2024-03-23,30515423408
1711238400,2024-03-24,30538342984
1711324800,2024-03-25,30528659099
1711411200,2024-03-26,31556234406
1711497600,2024-03-27,31604801747
1711584000,2024-03-28,31407035286
1711670400,2024-03-29,31771262527
1711756800,2024-03-30,31832581566
1711843200,2024-03-31,31815689677
1711929600,2024-04-01,31781683691
1712016000,2024-04-02,31981732768
1712102400,2024-04-03,32156115702
1712188800,2024-04-04,32186111658
1712275200,2024-04-05,32327663142
1712361600,2024-04-06,32221066328
1712448000,2024-04-07,32245712867
1712534400,2024-04-08,32225493631
1712620800,2024-04-09,31915799383
1712707200,2024-04-10,31606406414
1712793600,2024-04-11,31508182176
1712880000,2024-04-12,31539824127
1712966400,2024-04-13,31254774816
1713052800,2024-04-14,31643120884
1713139200,2024-04-15,31585055931
1713225600,2024-04-16,31695647820
1713312000,2024-04-17,31889955780
1713398400,2024-04-18,31958582201
1713484800,2024-04-19,32385073675
1713571200,2024-04-20,33240513297
1713657600,2024-04-21,33345601998
1713744000,2024-04-22,33254621355
1713830400,2024-04-23,33104745653
1713916800,2024-04-24,32766027814
1714003200,2024-04-25,32766027814
1714089600,2024-04-26,32766027814
1714176000,2024-04-27,32766027814
1714262400,2024-04-28,32780835402
1714348800,2024-04-29,32777054222
1714435200,2024-04-30,32603324666
1714521600,2024-05-01,32759973524
1714608000,2024-05-02,32631200709
1714694400,2024-05-03,32779916945
1714780800,2024-05-04,33073166678
1714867200,2024-05-05,33203211869
1714953600,2024-05-06,33227688309
1715040000,2024-05-07,32862187930
1715126400,2024-05-08,32882983844
1715212800,2024-05-09,32696003317
1715299200,2024-05-10,32703048190
1715385600,2024-05-11,32703722526
1715472000,2024-05-12,32717325699
1715558400,2024-05-13,32711511529
1715644800,2024-05-14,32739190047
1715731200,2024-05-15,32512906479
1715817600,2024-05-16,32889458661
1715904000,2024-05-17,32936675238
1715990400,2024-05-18,33076429304
1716076800,2024-05-19,33165167937
1716163200,2024-05-20,33123839934
1716249600,2024-05-21,32950409319
1716336000,2024-05-22,32715745371
1716422400,2024-05-23,32728169859
1716508800,2024-05-24,32393478618
1716595200,2024-05-25,32396972594
1716681600,2024-05-26,32355964016
1716768000,2024-05-27,32264590823
1716854400,2024-05-28,32177045700
1716940800,2024-05-29,31929903742
1717027200,2024-05-30,31795742370
1717113600,2024-05-31,31972701770
1717200000,2024-06-01,32026622297
1717286400,2024-06-02,31980814395
1717372800,2024-06-03,31983821330
1717459200,2024-06-04,31934769624
1717545600,2024-06-05,32017875793
1717632000,2024-06-06,32173300282
1717718400,2024-06-07,32116411642
1717804800,2024-06-08,31826920871
1717891200,2024-06-09,31801214105
1717977600,2024-06-10,31814455613
1718064000,2024-06-11,31697494595
1718150400,2024-06-12,31724406036
1718236800,2024-06-13,31997114099
1718323200,2024-06-14,32175043144
1718409600,2024-06-15,32002048164
1718496000,2024-06-16,32034742960
1718582400,2024-06-17,32078334080
1718668800,2024-06-18,32049822591
1718755200,2024-06-19,32380019227
1718841600,2024-06-20,32386055857
1718928000,2024-06-21,32194564007
1719014400,2024-06-22,32275418067
1719100800,2024-06-23,32297556454
1719187200,2024-06-24,32274228675
1719273600,2024-06-25,32149853432
1719360000,2024-06-26,32369256366
1719446400,2024-06-27,32527996467
1719532800,2024-06-28,32242387936
1719619200,2024-06-29,31894395914
1719705600,2024-06-30,31862932985
1719792000,2024-07-01,31814715199
1719878400,2024-07-02,32089451305
1719964800,2024-07-03,32170716616
1720051200,2024-07-04,32389555942
1720137600,2024-07-05,32521326758
1720224000,2024-07-06,33219557637
1720310400,2024-07-07,33350678460
1720396800,2024-07-08,33343454788
1720483200,2024-07-09,33478588841
1720569600,2024-07-10,33572354826
1720656000,2024-07-11,33702366199
1720742400,2024-07-12,33572748444
1720828800,2024-07-13,33162165037
1720915200,2024-07-14,33564735255
1721001600,2024-07-15,33560879602
1721088000,2024-07-16,33528447734
1721174400,2024-07-17,33563996202
1721260800,2024-07-18,33368236529
1721347200,2024-07-19,33282440706
1721433600,2024-07-20,33549624074
1721520000,2024-07-21,33682007279
1721606400,2024-07-22,33554062149
1721692800,2024-07-23,33586071338
1721779200,2024-07-24,33731424431
1721865600,2024-07-25,33606347723
1721952000,2024-07-26,33367740539
1722038400,2024-07-27,33714859820
1722124800,2024-07-28,33738002349
1722211200,2024-07-29,33717960265
1722297600,2024-07-30,33332357684
1722384000,2024-07-31,33076969850
1722470400,2024-08-01,32969893681
1722556800,2024-08-02,32549582787
1722643200,2024-08-03,32584771679
1722729600,2024-08-04,32700572999
1722816000,2024-08-05,32827036265
1722902400,2024-08-06,33315169412
1722988800,2024-08-07,33803194610
1723075200,2024-08-08,34051244325
1723161600,2024-08-09,34059465543
1723248000,2024-08-10,33996048481
1723334400,2024-08-11,34038428029
1723420800,2024-08-12,34020298407
1723507200,2024-08-13,34051985223
1723593600,2024-08-14,34022325984
1723680000,2024-08-15,34025597086
1723766400,2024-08-16,34094010969
1723852800,2024-08-17,34347884420
1723939200,2024-08-18,34371466212
1724025600,2024-08-19,34341225471
1724112000,2024-08-20,34435024173
1724198400,2024-08-21,34333255575
1724284800,2024-08-22,34435945219
1724371200,2024-08-23,34219189730
1724457600,2024-08-24,34459875787
1724544000,2024-08-25,34388117414
1724630400,2024-08-26,34336815965
1724716800,2024-08-27,34081482427
1724803200,2024-08-28,33814435755
1724889600,2024-08-29,33938030185
1724976000,2024-08-30,34412660941
1725062400,2024-08-31,34502850798
1725148800,2024-09-01,34487235858
1725235200,2024-09-02,34516860501
1725321600,2024-09-03,34561016143
1725408000,2024-09-04,34426221088
1725494400,2024-09-05,34688018193
1725580800,2024-09-06,34696791437
1725667200,2024-09-07,34610965458
1725753600,2024-09-08,34716786184
1725840000,2024-09-09,34762250807
1725926400,2024-09-10,34881170347
1726012800,2024-09-11,35101615027
1726099200,2024-09-12,35137905595
1726185600,2024-09-13,35169460446
1726272000,2024-09-14,35518320728
1726358400,2024-09-15,35509011801
1726444800,2024-09-16,35485852011
1726531200,2024-09-17,35243862259
1726617600,2024-09-18,35399758754
1726704000,2024-09-19,35359897787
1726790400,2024-09-20,35381968450
1726876800,2024-09-21,35535223763
1726963200,2024-09-22,35605982702
1727049600,2024-09-23,35645997331
1727136000,2024-09-24,35603890692
1727222400,2024-09-25,35774653980
1727308800,2024-09-26,35811133262
1727395200,2024-09-27,36050954257
1727481600,2024-09-28,36052944180
1727568000,2024-09-29,36032714819
1727654400,2024-09-30,35996580204
1727740800,2024-10-01,35243669591
1727827200,2024-10-02,35302662021
1727913600,2024-10-03,35321635715
1728000000,2024-10-04,35295546110
1728086400,2024-10-05,35298524329
1728172800,2024-10-06,35348276034
1728259200,2024-10-07,35352574404
1728345600,2024-10-08,35093379639
1728432000,2024-10-09,34793698192
1728518400,2024-10-10,34526754780
1728604800,2024-10-11,34465720801
1728691200,2024-10-12,34710210857
1728777600,2024-10-13,34754051285
1728864000,2024-10-14,34722213950
1728950400,2024-10-15,34610785350
1729036800,2024-10-16,34621121792
1729123200,2024-10-17,34522775691
1729209600,2024-10-18,34455348455
1729296000,2024-10-19,34660415421
1729382400,2024-10-20,34664472605
1729468800,2024-10-21,34678719446
1729555200,2024-10-22,34415448770
1729641600,2024-10-23,34283200365
1729728000,2024-10-24,34050934193
1729814400,2024-10-25,34171209142
1729900800,2024-10-26,34389658906
1729987200,2024-10-27,34348163587
1730073600,2024-10-28,34374527345
1730160000,2024-10-29,34426384901
1730246400,2024-10-30,34495678700
1730332800,2024-10-31,34772535402
1730419200,2024-11-01,34423755619
1730505600,2024-11-02,34623575563
1730592000,2024-11-03,34811265129
1730678400,2024-11-04,34814187776
1730764800,2024-11-05,35013870194
1730851200,2024-11-06,35476543009
1730937600,2024-11-07,36759763794
1731024000,2024-11-08,36818509918
1731110400,2024-11-09,37061553050
1731196800,2024-11-10,36954304288
1731283200,2024-11-11,36879646915
1731369600,2024-11-12,36867005469
1731456000,2024-11-13,36434482163
1731542400,2024-11-14,36624673044
1731628800,2024-11-15,36817197355
1731715200,2024-11-16,36908879385
1731801600,2024-11-17,37054662171
1731888000,2024-11-18,37029106279
1731974400,2024-11-19,37316191951
1732060800,2024-11-20,37339946399
1732147200,2024-11-21,37835098136
1732233600,2024-11-22,38149683017
1732320000,2024-11-23,38780096862
1732406400,2024-11-24,39028693321
1732492800,2024-11-25,38962955244
1732579200,2024-11-26,38673129931
1732665600,2024-11-27,38518744030
1732752000,2024-11-28,39503574415
1732838400,2024-11-29,39418232923
1732924800,2024-11-30,39728082465
1733011200,2024-12-01,39847743157
1733097600,2024-12-02,40011757180
1733184000,2024-12-03,39883837707
1733270400,2024-12-04,40059974044
1733356800,2024-12-05,40619939888
1733443200,2024-12-06,40213974868
1733529600,2024-12-07,41130876627
1733616000,2024-12-08,41126507386
1733702400,2024-12-09,40951361101
1733788800,2024-12-10,40553227288
1733875200,2024-12-11,40729090900
1733961600,2024-12-12,41580738861
1734048000,2024-12-13,41519098148
1734134400,2024-12-14,41966995885
1734220800,2024-12-15,41978864024
1734307200,2024-12-16,42106530517
1734393600,2024-12-17,42378784405
1734480000,2024-12-18,42522007429
1734566400,2024-12-19,42323667741
1734652800,2024-12-20,42424015987
1734739200,2024-12-21,42746001467
1734825600,2024-12-22,42926207933
1734912000,2024-12-23,42999257671
1734998400,2024-12-24,43016117432
1735084800,2024-12-25,43035546669
1735171200,2024-12-26,43085764607
1735257600,2024-12-27,43458098257
1735344000,2024-12-28,43513613422
1735430400,2024-12-29,43621425847
1735516800,2024-12-30,43619353308
1735603200,2024-12-31,43809933854
1735689600,2025-01-01,43921001757
1735776000,2025-01-02,43672412181
1735862400,2025-01-03,44422604866
1735948800,2025-01-04,45338330039
1736035200,2025-01-05,45514657376
1736121600,2025-01-06,45555976895
1736208000,2025-01-07,45750982057
1736294400,2025-01-08,45467336968
1736380800,2025-01-09,45283282281
1736467200,2025-01-10,45412958730
1736553600,2025-01-11,45733451950
1736640000,2025-01-12,45736931584
1736726400,2025-01-13,45731450032
1736812800,2025-01-14,45602939324
1736899200,2025-01-15,45722852890
1736985600,2025-01-16,46234013659
1737072000,2025-01-17,46441205593
1737158400,2025-01-18,47403296917
1737244800,2025-01-19,47516734079
1737331200,2025-01-20,48212754181
1737417600,2025-01-21,48162420512
1737504000,2025-01-22,50858358880
1737590400,2025-01-23,51541723315
1737676800,2025-01-24,51948329986
1737763200,2025-01-25,52167420310
1737849600,2025-01-26,52114522265
1737936000,2025-01-27,52075446609
1738022400,2025-01-28,52342200214
1738108800,2025-01-29,52501173338
1738195200,2025-01-30,52564807287
1738281600,2025-01-31,53124311753
1738368000,2025-02-01,53292327724
1738454400,2025-02-02,53289921165
1738540800,2025-02-03,53327475198
1738627200,2025-02-04,54457954666
1738713600,2025-02-05,54991179080
1738800000,2025-02-06,55325310594
1738886400,2025-02-07,55685055628
1738972800,2025-02-08,56226593913
1739059200,2025-02-09,55998929422
1739145600,2025-02-10,56142943669
1739232000,2025-02-11,56130240567
1739318400,2025-02-12,56069094371
1739404800,2025-02-13,56030584556
1739491200,2025-02-14,56089962658
1739577600,2025-02-15,56384969444
1739664000,2025-02-16,56415995536
1739750400,2025-02-17,56470790867
1739836800,2025-02-18,56472784394
1739923200,2025-02-19,56229487750
1740009600,2025-02-20,56199655497
1740096000,2025-02-21,56202256580
1740182400,2025-02-22,57182735719
1740268800,2025-02-23,57083908309
1740355200,2025-02-24,57193494160
1740441600,2025-02-25,56566506623
1740528000,2025-02-26,56281229188
1740614400,2025-02-27,56056340329
1740700800,2025-02-28,55630240641
1740787200,2025-03-01,56424611465
1740873600,2025-03-02,56416733934
1740960000,2025-03-03,56430565520
1741046400,2025-03-04,56209086220
1741132800,2025-03-05,56528685697
1741219200,2025-03-06,57239203228
1741305600,2025-03-07,57247701304
1741392000,2025-03-08,58141023541
1741478400,2025-03-09,58099871397
1741564800,2025-03-10,58083663741
1741651200,2025-03-11,57851041499
1741737600,2025-03-12,58079977628
1741824000,2025-03-13,58420818155
1741910400,2025-03-14,58379779276
1741996800,2025-03-15,58630816632
1742083200,2025-03-16,58727818660
1742169600,2025-03-17,58664445897
1742256000,2025-03-18,58815523464
1742342400,2025-03-19,58842684510
1742428800,2025-03-20,59214578303
1742515200,2025-03-21,59352509858
1742601600,2025-03-22,59646969887
1742688000,2025-03-23,59585018147
1742774400,2025-03-24,59727679049
1742860800,2025-03-25,59759372473
1742947200,2025-03-26,60108853566
1743033600,2025-03-27,60168564725
1743120000,2025-03-28,60209964647
1743206400,2025-03-29,60239636307
1743292800,2025-03-30,60288315167
1743379200,2025-03-31,60251491275
1743465600,2025-04-01,60128450468
1743552000,2025-04-02,60116722467
1743638400,2025-04-03,60661133982
1743724800,2025-04-04,60842830371
1743811200,2025-04-05,60546001397
1743897600,2025-04-06,60574701901
1743984000,2025-04-07,60352287773
1744070400,2025-04-08,60195571490
1744156800,2025-04-09,60106030438
1744243200,2025-04-10,59960865347
1744329600,2025-04-11,59938178566
1744416000,2025-04-12,60063619698
1744502400,2025-04-13,60056638683
1744588800,2025-04-14,60011990289
1744675200,2025-04-15,60240506577
1744761600,2025-04-16,60400446832
1744848000,2025-04-17,60538884496
1744934400,2025-04-18,60902834403
1745020800,2025-04-19,60887259443
1745107200,2025-04-20,60886268800
1745193600,2025-04-21,60881938262
1745280000,2025-04-22,60932600701
1745366400,2025-04-23,61749097362
1745452800,2025-04-24,61914707962
1745539200,2025-04-25,62222559631
1745625600,2025-04-26,62402884012
1745712000,2025-04-27,62273805028
1745798400,2025-04-28,62094737841
1745884800,2025-04-29,62048443937
1745971200,2025-04-30,62026868480
1746057600,2025-05-01,61514235716
1746144000,2025-05-02,61566016088
1746230400,2025-05-03,61578306905
1746316800,2025-05-04,61551655742
1746403200,2025-05-05,61521936913
1746489600,2025-05-06,61765789400
1746576000,2025-05-07,60943364423
1746662400,2025-05-08,60902440034
1746748800,2025-05-09,60883808983
1746835200,2025-05-10,60684177458
1746921600,2025-05-11,60808567201
1747008000,2025-05-12,60789931950
1747094400,2025-05-13,57529268584
1747180800,2025-05-14,60123460965
1747267200,2025-05-15,60131929024
1747353600,2025-05-16,60073762667
1747440000,2025-05-17,60445495764
1747526400,2025-05-18,60391173513
1747612800,2025-05-19,60339476219
1747699200,2025-05-20,60021035563
1747785600,2025-05-21,60063697110
1747872000,2025-05-22,60738335152
1747958400,2025-05-23,60863199629
1748044800,2025-05-24,61273317338
1748131200,2025-05-25,61307251631
1748217600,2025-05-26,61256003091
1748304000,2025-05-27,61148665029
1748390400,2025-05-28,60907360404
1748476800,2025-05-29,60806416446
1748563200,2025-05-30,60601676891
1748649600,2025-05-31,60617509255
1748736000,2025-06-01,60562884155
1748822400,2025-06-02,60500383177
1748908800,2025-06-03,60669375597
1748995200,2025-06-04,60937245133
1749081600,2025-06-05,61122312480
1749168000,2025-06-06,60580963786
1749254400,2025-06-07,60658697591
1749340800,2025-06-08,60649597052
1749427200,2025-06-09,60644455329
1749513600,2025-06-10,60595202498
1749600000,2025-06-11,60617334263
1749686400,2025-06-12,60815965347
1749772800,2025-06-13,60732161816
1749859200,2025-06-14,61362306654
1749945600,2025-06-15,61310641673
1750032000,2025-06-16,61315857140
1750118400,2025-06-17,61188718773
1750204800,2025-06-18,61088281221
1750291200,2025-06-19,61202379020
1750377600,2025-06-20,61046316972
1750464000,2025-06-21,60814226532
1750550400,2025-06-22,60890066333
1750636800,2025-06-23,60851307524
1750723200,2025-06-24,61328864695
1750809600,2025-06-25,61591835074
1750896000,2025-06-26,61453155651
1750982400,2025-06-27,61370811302
1751068800,2025-06-28,61400508735
1751155200,2025-06-29,61400508735
1751241600,2025-06-30,61331912507
1751328000,2025-07-01,61224632058
1751414400,2025-07-02,61228022200
1751500800,2025-07-03,61468509749
1751587200,2025-07-04,61927821888
1751673600,2025-07-05,61813045114
1751760000,2025-07-06,61848765801
1751846400,2025-07-07,61914514808
1751932800,2025-07-08,61686814385
1752019200,2025-07-09,61668157442
1752105600,2025-07-10,62058362175
1752192000,2025-07-11,62560460910
1752278400,2025-07-12,63122747054
1752364800,2025-07-13,63290662899
1752451200,2025-07-14,63429308552
1752537600,2025-07-15,63155113221
1752624000,2025-07-16,62106490837
1752710400,2025-07-17,63136403191
1752796800,2025-07-18,64073956713
1752883200,2025-07-19,64369490256
1752969600,2025-07-20,64199001304
1753056000,2025-07-21,63970969512
1753142400,2025-07-22,64439196605
1753228800,2025-07-23,64484839685
1753315200,2025-07-24,64352253998
1753401600,2025-07-25,64818032726
1753488000,2025-07-26,64026821908
1753574400,2025-07-27,63975475312
1753660800,2025-07-28,63974615267
1753747200,2025-07-29,63649526710
1753833600,2025-07-30,63579399374
1753920000,2025-07-31,63695606559
1754006400,2025-08-01,63858929778
1754092800,2025-08-02,64009861541
1754179200,2025-08-03,63890957710.990585